"Problem","Severity","File","Line","Column","Rule","Description","URL","Category","Engine"
"1","3","C:\Users\CVHS\SF_Projects\08081005\force-app\main\default\classes\BI_PSPB_ActionTaskService.cls","1","1","ApexSharingViolations","Apex classes should declare a sharing model if DML or SOQL/SOSL is used","https://docs.pmd-code.org/pmd-doc-7.1.0/pmd_rules_apex_security.html#apexsharingviolations","Security","pmd"
"2","3","C:\Users\CVHS\SF_Projects\08081005\force-app\main\default\classes\BI_PSPB_ActionTaskService.cls","1","8","ApexDoc","Missing ApexDoc comment","https://docs.pmd-code.org/pmd-doc-7.1.0/pmd_rules_apex_documentation.html#apexdoc","Documentation","pmd"
"3","3","C:\Users\CVHS\SF_Projects\08081005\force-app\main\default\classes\BI_PSPB_ActionTaskService.cls","3","19","ApexDoc","Missing ApexDoc comment","https://docs.pmd-code.org/pmd-doc-7.1.0/pmd_rules_apex_documentation.html#apexdoc","Documentation","pmd"
"4","3","C:\Users\CVHS\SF_Projects\08081005\force-app\main\default\classes\BI_PSPB_ActionTaskService.cls","4","16","ApexCRUDViolation","Validate CRUD permission before SOQL/DML operation or enforce user mode","https://docs.pmd-code.org/pmd-doc-7.1.0/pmd_rules_apex_security.html#apexcrudviolation","Security","pmd"
"5","3","C:\Users\CVHS\SF_Projects\08081005\force-app\main\default\classes\BI_PSPB_CommunityConstantCtrl.cls","7","8","TooManyFields","Too many fields","https://docs.pmd-code.org/pmd-doc-7.1.0/pmd_rules_apex_design.html#toomanyfields","Design","pmd"
"6","3","C:\Users\CVHS\SF_Projects\08081005\force-app\main\default\classes\BI_PSPB_CommunityTaskFetcher.cls","14","16","ApexDoc","Missing ApexDoc @return","https://docs.pmd-code.org/pmd-doc-7.1.0/pmd_rules_apex_documentation.html#apexdoc","Documentation","pmd"
"7","3","C:\Users\CVHS\SF_Projects\08081005\force-app\main\default\classes\BI_PSPB_DashboardEnrolleeService.cls","13","19","ApexDoc","Missing ApexDoc @return","https://docs.pmd-code.org/pmd-doc-7.1.0/pmd_rules_apex_documentation.html#apexdoc","Documentation","pmd"
"8","3","C:\Users\CVHS\SF_Projects\08081005\force-app\main\default\classes\BI_PSPB_DashboardEnrolleeService.cls","13","19","ApexDoc","Missing or mismatched ApexDoc @param","https://docs.pmd-code.org/pmd-doc-7.1.0/pmd_rules_apex_documentation.html#apexdoc","Documentation","pmd"
"9","3","C:\Users\CVHS\SF_Projects\08081005\force-app\main\default\classes\BI_PSPB_DateOfTreatmentNotification.cls","14","16","ApexDoc","Missing ApexDoc @return","https://docs.pmd-code.org/pmd-doc-7.1.0/pmd_rules_apex_documentation.html#apexdoc","Documentation","pmd"
"10","3","C:\Users\CVHS\SF_Projects\08081005\force-app\main\default\classes\BI_PSPB_DateOfTreatmentNotification.cls","14","16","ApexDoc","Missing or mismatched ApexDoc @param","https://docs.pmd-code.org/pmd-doc-7.1.0/pmd_rules_apex_documentation.html#apexdoc","Documentation","pmd"
"11","3","C:\Users\CVHS\SF_Projects\08081005\force-app\main\default\classes\BI_PSPB_DateOfTreatmentNotification.cls","41","17","ApexDoc","Missing or mismatched ApexDoc @param","https://docs.pmd-code.org/pmd-doc-7.1.0/pmd_rules_apex_documentation.html#apexdoc","Documentation","pmd"
"12","3","C:\Users\CVHS\SF_Projects\08081005\force-app\main\default\classes\BI_PSPB_DateOfTreatmentNotification.cls","57","17","ApexDoc","Missing or mismatched ApexDoc @param","https://docs.pmd-code.org/pmd-doc-7.1.0/pmd_rules_apex_documentation.html#apexdoc","Documentation","pmd"
"13","3","C:\Users\CVHS\SF_Projects\08081005\force-app\main\default\classes\BI_PSPB_DateOfTreatmentNotification.cls","69","16","ApexDoc","Missing ApexDoc @return","https://docs.pmd-code.org/pmd-doc-7.1.0/pmd_rules_apex_documentation.html#apexdoc","Documentation","pmd"
"14","3","C:\Users\CVHS\SF_Projects\08081005\force-app\main\default\classes\BI_PSPB_DateOfTreatmentNotification.cls","69","16","ApexDoc","Missing or mismatched ApexDoc @param","https://docs.pmd-code.org/pmd-doc-7.1.0/pmd_rules_apex_documentation.html#apexdoc","Documentation","pmd"
"15","3","C:\Users\CVHS\SF_Projects\08081005\force-app\main\default\classes\BI_PSPB_DlqiQuestionsSched.cls","14","9","ApexDoc","Missing or mismatched ApexDoc @param","https://docs.pmd-code.org/pmd-doc-7.1.0/pmd_rules_apex_documentation.html#apexdoc","Documentation","pmd"
"16","3","C:\Users\CVHS\SF_Projects\08081005\force-app\main\default\classes\BI_PSPB_EmailBatch.cls","25","9","ExcessiveParameterList","Avoid long parameter lists.","https://docs.pmd-code.org/pmd-doc-7.1.0/pmd_rules_apex_design.html#excessiveparameterlist","Design","pmd"
"17","3","C:\Users\CVHS\SF_Projects\08081005\force-app\main\default\classes\BI_PSPB_EmailBatch.cls","207","10","ExcessiveParameterList","Avoid long parameter lists.","https://docs.pmd-code.org/pmd-doc-7.1.0/pmd_rules_apex_design.html#excessiveparameterlist","Design","pmd"
"18","3","C:\Users\CVHS\SF_Projects\08081005\force-app\main\default\classes\BI_PSPB_EmailBatch.cls","233","10","ExcessiveParameterList","Avoid long parameter lists.","https://docs.pmd-code.org/pmd-doc-7.1.0/pmd_rules_apex_design.html#excessiveparameterlist","Design","pmd"
"19","3","C:\Users\CVHS\SF_Projects\08081005\force-app\main\default\classes\BI_PSPB_EmailBatch.cls","289","10","ExcessiveParameterList","Avoid long parameter lists.","https://docs.pmd-code.org/pmd-doc-7.1.0/pmd_rules_apex_design.html#excessiveparameterlist","Design","pmd"
"20","3","C:\Users\CVHS\SF_Projects\08081005\force-app\main\default\classes\BI_PSPB_EmailBatch.cls","364","9","ExcessiveParameterList","Avoid long parameter lists.","https://docs.pmd-code.org/pmd-doc-7.1.0/pmd_rules_apex_design.html#excessiveparameterlist","Design","pmd"
"21","3","C:\Users\CVHS\SF_Projects\08081005\force-app\main\default\classes\BI_PSPB_EnrollmentUtilities.cls","233","16","ApexDoc","Missing or mismatched ApexDoc @param","https://docs.pmd-code.org/pmd-doc-7.1.0/pmd_rules_apex_documentation.html#apexdoc","Documentation","pmd"
"22","3","C:\Users\CVHS\SF_Projects\08081005\force-app\main\default\classes\BI_PSPB_GoogleCalendarCtrl.cls","52","20","ExcessiveParameterList","Avoid long parameter lists.","https://docs.pmd-code.org/pmd-doc-7.1.0/pmd_rules_apex_design.html#excessiveparameterlist","Design","pmd"
"23","3","C:\Users\CVHS\SF_Projects\08081005\force-app\main\default\classes\BI_PSPB_GoogleCalendarCtrl.cls","63","20","ExcessiveParameterList","Avoid long parameter lists.","https://docs.pmd-code.org/pmd-doc-7.1.0/pmd_rules_apex_design.html#excessiveparameterlist","Design","pmd"
"24","3","C:\Users\CVHS\SF_Projects\08081005\force-app\main\default\classes\BI_PSPB_MessageCenterCtrl.cls","14","16","ApexDoc","Missing or mismatched ApexDoc @param","https://docs.pmd-code.org/pmd-doc-7.1.0/pmd_rules_apex_documentation.html#apexdoc","Documentation","pmd"
"25","3","C:\Users\CVHS\SF_Projects\08081005\force-app\main\default\classes\BI_PSPB_MessageCenterCtrl.cls","48","16","ApexDoc","Missing or mismatched ApexDoc @param","https://docs.pmd-code.org/pmd-doc-7.1.0/pmd_rules_apex_documentation.html#apexdoc","Documentation","pmd"
"26","3","C:\Users\CVHS\SF_Projects\08081005\force-app\main\default\classes\BI_PSPB_MessageCenterCtrl.cls","83","16","ApexDoc","Missing or mismatched ApexDoc @param","https://docs.pmd-code.org/pmd-doc-7.1.0/pmd_rules_apex_documentation.html#apexdoc","Documentation","pmd"
"27","3","C:\Users\CVHS\SF_Projects\08081005\force-app\main\default\classes\BI_PSPB_MessageCenterCtrl.cls","119","17","ExcessiveParameterList","Avoid long parameter lists.","https://docs.pmd-code.org/pmd-doc-7.1.0/pmd_rules_apex_design.html#excessiveparameterlist","Design","pmd"
"28","3","C:\Users\CVHS\SF_Projects\08081005\force-app\main\default\classes\BI_PSPB_MessageCenterCtrl.cls","169","9","AvoidDebugStatements","Avoid debug statements since they impact on performance","https://docs.pmd-code.org/pmd-doc-7.1.0/pmd_rules_apex_performance.html#avoiddebugstatements","Performance","pmd"
"29","3","C:\Users\CVHS\SF_Projects\08081005\force-app\main\default\classes\BI_PSPB_MessageCenterCtrl.cls","178","9","AvoidDebugStatements","Avoid debug statements since they impact on performance","https://docs.pmd-code.org/pmd-doc-7.1.0/pmd_rules_apex_performance.html#avoiddebugstatements","Performance","pmd"
"30","3","C:\Users\CVHS\SF_Projects\08081005\force-app\main\default\classes\BI_PSPB_NotificatinRmdConstantsCtrl.cls","9","21","TooManyFields","Too many fields","https://docs.pmd-code.org/pmd-doc-7.1.0/pmd_rules_apex_design.html#toomanyfields","Design","pmd"
"31","3","C:\Users\CVHS\SF_Projects\08081005\force-app\main\default\classes\BI_PSPB_NotificationContext.cls","1","21","ApexDoc","Missing ApexDoc comment","https://docs.pmd-code.org/pmd-doc-7.1.0/pmd_rules_apex_documentation.html#apexdoc","Documentation","pmd"
"32","3","C:\Users\CVHS\SF_Projects\08081005\force-app\main\default\classes\BI_PSPB_NotificationContext.cls","8","12","ExcessiveParameterList","Avoid long parameter lists.","https://docs.pmd-code.org/pmd-doc-7.1.0/pmd_rules_apex_design.html#excessiveparameterlist","Design","pmd"
"33","3","C:\Users\CVHS\SF_Projects\08081005\force-app\main\default\classes\BI_PSPB_NotificationContext.cls","8","12","ApexDoc","Missing ApexDoc comment","https://docs.pmd-code.org/pmd-doc-7.1.0/pmd_rules_apex_documentation.html#apexdoc","Documentation","pmd"
"34","3","C:\Users\CVHS\SF_Projects\08081005\force-app\main\default\classes\BI_PSPB_NotificationSender.cls","1","21","ApexDoc","Missing ApexDoc comment","https://docs.pmd-code.org/pmd-doc-7.1.0/pmd_rules_apex_documentation.html#apexdoc","Documentation","pmd"
"35","3","C:\Users\CVHS\SF_Projects\08081005\force-app\main\default\classes\BI_PSPB_OnboardingSched.cls","27","12","ApexDoc","Missing ApexDoc comment","https://docs.pmd-code.org/pmd-doc-7.1.0/pmd_rules_apex_documentation.html#apexdoc","Documentation","pmd"
"36","3","C:\Users\CVHS\SF_Projects\08081005\force-app\main\default\classes\BI_PSPB_OutlookReminderCalendarCtrl.cls","49","20","ExcessiveParameterList","Avoid long parameter lists.","https://docs.pmd-code.org/pmd-doc-7.1.0/pmd_rules_apex_design.html#excessiveparameterlist","Design","pmd"
"37","3","C:\Users\CVHS\SF_Projects\08081005\force-app\main\default\classes\BI_PSPB_OutlookReminderCalendarCtrl.cls","59","20","ExcessiveParameterList","Avoid long parameter lists.","https://docs.pmd-code.org/pmd-doc-7.1.0/pmd_rules_apex_design.html#excessiveparameterlist","Design","pmd"
"38","3","C:\Users\CVHS\SF_Projects\08081005\force-app\main\default\classes\BI_PSPB_PastDueNotificationSender.cls","16","16","ExcessiveParameterList","Avoid long parameter lists.","https://docs.pmd-code.org/pmd-doc-7.1.0/pmd_rules_apex_design.html#excessiveparameterlist","Design","pmd"
"39","3","C:\Users\CVHS\SF_Projects\08081005\force-app\main\default\classes\BI_PSPB_PastDueTaskCreator.cls","18","19","ExcessiveParameterList","Avoid long parameter lists.","https://docs.pmd-code.org/pmd-doc-7.1.0/pmd_rules_apex_design.html#excessiveparameterlist","Design","pmd"
"40","3","C:\Users\CVHS\SF_Projects\08081005\force-app\main\default\classes\BI_PSPB_PatientEntityCtrl.cls","97","19","ApexDoc","Missing ApexDoc comment","https://docs.pmd-code.org/pmd-doc-7.1.0/pmd_rules_apex_documentation.html#apexdoc","Documentation","pmd"
"41","3","C:\Users\CVHS\SF_Projects\08081005\force-app\main\default\classes\BI_PSPB_PatientOnboardingCtrl.cls","11","21","ApexDoc","Missing ApexDoc comment","https://docs.pmd-code.org/pmd-doc-7.1.0/pmd_rules_apex_documentation.html#apexdoc","Documentation","pmd"
"42","3","C:\Users\CVHS\SF_Projects\08081005\force-app\main\default\classes\BI_PSPB_PatientOnboardingCtrl.cls","11","21","StdCyclomaticComplexity","The class 'BI_PSPB_PatientOnboardingCtrl' has a Standard Cyclomatic Complexity of 13 (Highest = 11).","https://docs.pmd-code.org/pmd-doc-7.1.0/pmd_rules_apex_design.html#stdcyclomaticcomplexity","Design","pmd"
"43","3","C:\Users\CVHS\SF_Projects\08081005\force-app\main\default\classes\BI_PSPB_PatientOnboardingCtrl.cls","34","15","ApexDoc","Missing ApexDoc comment","https://docs.pmd-code.org/pmd-doc-7.1.0/pmd_rules_apex_documentation.html#apexdoc","Documentation","pmd"
"44","3","C:\Users\CVHS\SF_Projects\08081005\force-app\main\default\classes\BI_PSPB_PatientOnboardingCtrl.cls","34","15","StdCyclomaticComplexity","The method 'createUser' has a Standard Cyclomatic Complexity of 11.","https://docs.pmd-code.org/pmd-doc-7.1.0/pmd_rules_apex_design.html#stdcyclomaticcomplexity","Design","pmd"
"45","3","C:\Users\CVHS\SF_Projects\08081005\force-app\main\default\classes\BI_PSPB_PatientOnboardingCtrl.cls","34","15","CognitiveComplexity","The method 'createUser(List<Id>)' has a cognitive complexity of 33, current threshold is 15","https://docs.pmd-code.org/pmd-doc-7.1.0/pmd_rules_apex_design.html#cognitivecomplexity","Design","pmd"
"46","3","C:\Users\CVHS\SF_Projects\08081005\force-app\main\default\classes\BI_PSPB_PatientOnboardingCtrl.cls","34","15","CyclomaticComplexity","The method 'createUser(List<Id>)' has a cyclomatic complexity of 12.","https://docs.pmd-code.org/pmd-doc-7.1.0/pmd_rules_apex_design.html#cyclomaticcomplexity","Design","pmd"
"47","3","C:\Users\CVHS\SF_Projects\08081005\force-app\main\default\classes\BI_PSPB_PersonalizationConstantCtrl.cls","9","21","TooManyFields","Too many fields","https://docs.pmd-code.org/pmd-doc-7.1.0/pmd_rules_apex_design.html#toomanyfields","Design","pmd"
"48","3","C:\Users\CVHS\SF_Projects\08081005\force-app\main\default\classes\BI_PSPB_ProfileManagerConstCtrl.cls","4","8","TooManyFields","Too many fields","https://docs.pmd-code.org/pmd-doc-7.1.0/pmd_rules_apex_design.html#toomanyfields","Design","pmd"
"49","3","C:\Users\CVHS\SF_Projects\08081005\force-app\main\default\classes\BI_PSPB_ProfileManagerCtrl.cls","179","15","ApexDoc","Missing or mismatched ApexDoc @param","https://docs.pmd-code.org/pmd-doc-7.1.0/pmd_rules_apex_documentation.html#apexdoc","Documentation","pmd"
"50","3","C:\Users\CVHS\SF_Projects\08081005\force-app\main\default\classes\BI_PSPB_ProfileManagerCtrl.cls","215","15","ApexDoc","Missing or mismatched ApexDoc @param","https://docs.pmd-code.org/pmd-doc-7.1.0/pmd_rules_apex_documentation.html#apexdoc","Documentation","pmd"
"51","3","C:\Users\CVHS\SF_Projects\08081005\force-app\main\default\classes\BI_PSPB_ProfileManagerCtrl.cls","243","15","ApexDoc","Missing or mismatched ApexDoc @param","https://docs.pmd-code.org/pmd-doc-7.1.0/pmd_rules_apex_documentation.html#apexdoc","Documentation","pmd"
"52","3","C:\Users\CVHS\SF_Projects\08081005\force-app\main\default\classes\BI_PSPB_ProfileManagerHelperCtrl.cls","28","19","ApexDoc","Unexpected ApexDoc @return","https://docs.pmd-code.org/pmd-doc-7.1.0/pmd_rules_apex_documentation.html#apexdoc","Documentation","pmd"
"53","3","C:\Users\CVHS\SF_Projects\08081005\force-app\main\default\classes\BI_PSPB_ProfileManagerHelperCtrl.cls","65","19","ApexDoc","Unexpected ApexDoc @return","https://docs.pmd-code.org/pmd-doc-7.1.0/pmd_rules_apex_documentation.html#apexdoc","Documentation","pmd"
"54","3","C:\Users\CVHS\SF_Projects\08081005\force-app\main\default\classes\BI_PSPB_PssQuestionariesSched.cls","14","9","ApexDoc","Missing or mismatched ApexDoc @param","https://docs.pmd-code.org/pmd-doc-7.1.0/pmd_rules_apex_documentation.html#apexdoc","Documentation","pmd"
"55","3","C:\Users\CVHS\SF_Projects\08081005\force-app\main\default\classes\BI_PSPB_QsqQuestionariesSched.cls","14","9","ApexDoc","Missing or mismatched ApexDoc @param","https://docs.pmd-code.org/pmd-doc-7.1.0/pmd_rules_apex_documentation.html#apexdoc","Documentation","pmd"
"56","3","C:\Users\CVHS\SF_Projects\08081005\force-app\main\default\classes\BI_PSPB_QsqQuestionnaireService.cls","1","21","ApexDoc","Missing ApexDoc comment","https://docs.pmd-code.org/pmd-doc-7.1.0/pmd_rules_apex_documentation.html#apexdoc","Documentation","pmd"
"57","3","C:\Users\CVHS\SF_Projects\08081005\force-app\main\default\classes\BI_PSPB_QsqQuestionnaireService.cls","48","20","ExcessiveParameterList","Avoid long parameter lists.","https://docs.pmd-code.org/pmd-doc-7.1.0/pmd_rules_apex_design.html#excessiveparameterlist","Design","pmd"
"58","3","C:\Users\CVHS\SF_Projects\08081005\force-app\main\default\classes\BI_PSPB_QsqQuestionnaireService.cls","48","20","ApexDoc","Missing or mismatched ApexDoc @param","https://docs.pmd-code.org/pmd-doc-7.1.0/pmd_rules_apex_documentation.html#apexdoc","Documentation","pmd"
"59","3","C:\Users\CVHS\SF_Projects\08081005\force-app\main\default\classes\BI_PSPB_SmsAndEmailNotificationDetails.cls","23","12","ExcessiveParameterList","Avoid long parameter lists.","https://docs.pmd-code.org/pmd-doc-7.1.0/pmd_rules_apex_design.html#excessiveparameterlist","Design","pmd"
"60","3","C:\Users\CVHS\SF_Projects\08081005\force-app\main\default\classes\BI_PSPB_SmsAndEmailNotificationHelper.cls","198","16","ExcessiveParameterList","Avoid long parameter lists.","https://docs.pmd-code.org/pmd-doc-7.1.0/pmd_rules_apex_design.html#excessiveparameterlist","Design","pmd"
"61","3","C:\Users\CVHS\SF_Projects\08081005\force-app\main\default\classes\BI_PSPB_SmsAndEmailNotificationHelper.cls","278","17","ExcessiveParameterList","Avoid long parameter lists.","https://docs.pmd-code.org/pmd-doc-7.1.0/pmd_rules_apex_design.html#excessiveparameterlist","Design","pmd"
"62","3","C:\Users\CVHS\SF_Projects\08081005\force-app\main\default\classes\BI_PSPB_SmsAndEmailSenderCtrl.cls","17","19","ExcessiveParameterList","Avoid long parameter lists.","https://docs.pmd-code.org/pmd-doc-7.1.0/pmd_rules_apex_design.html#excessiveparameterlist","Design","pmd"
"63","3","C:\Users\CVHS\SF_Projects\08081005\force-app\main\default\classes\BI_PSPB_SmsBatch.cls","26","12","ExcessiveParameterList","Avoid long parameter lists.","https://docs.pmd-code.org/pmd-doc-7.1.0/pmd_rules_apex_design.html#excessiveparameterlist","Design","pmd"
"64","3","C:\Users\CVHS\SF_Projects\08081005\force-app\main\default\classes\BI_PSPB_SmsBatch.cls","149","13","ExcessiveParameterList","Avoid long parameter lists.","https://docs.pmd-code.org/pmd-doc-7.1.0/pmd_rules_apex_design.html#excessiveparameterlist","Design","pmd"
"65","3","C:\Users\CVHS\SF_Projects\08081005\force-app\main\default\classes\BI_PSPB_SmsBatch.cls","179","13","ExcessiveParameterList","Avoid long parameter lists.","https://docs.pmd-code.org/pmd-doc-7.1.0/pmd_rules_apex_design.html#excessiveparameterlist","Design","pmd"
"66","3","C:\Users\CVHS\SF_Projects\08081005\force-app\main\default\classes\BI_PSPB_SmsStatusBatchSched.cls","103","10","ExcessiveParameterList","Avoid long parameter lists.","https://docs.pmd-code.org/pmd-doc-7.1.0/pmd_rules_apex_design.html#excessiveparameterlist","Design","pmd"
"67","3","C:\Users\CVHS\SF_Projects\08081005\force-app\main\default\classes\BI_PSPB_SmsStatusBatchSched.cls","127","10","ExcessiveParameterList","Avoid long parameter lists.","https://docs.pmd-code.org/pmd-doc-7.1.0/pmd_rules_apex_design.html#excessiveparameterlist","Design","pmd"
"68","3","C:\Users\CVHS\SF_Projects\08081005\force-app\main\default\classes\BI_PSPB_SupportCenterConstantsCtrl.cls","1","8","ApexDoc","Missing ApexDoc comment","https://docs.pmd-code.org/pmd-doc-7.1.0/pmd_rules_apex_documentation.html#apexdoc","Documentation","pmd"
"69","3","C:\Users\CVHS\SF_Projects\08081005\force-app\main\default\classes\BI_PSPB_SupportCenterConstantsCtrl.cls","1","8","TooManyFields","Too many fields","https://docs.pmd-code.org/pmd-doc-7.1.0/pmd_rules_apex_design.html#toomanyfields","Design","pmd"
"70","3","C:\Users\CVHS\SF_Projects\08081005\force-app\main\default\classes\BI_PSPB_SupportCenterCtrl.cls","15","19","ExcessiveParameterList","Avoid long parameter lists.","https://docs.pmd-code.org/pmd-doc-7.1.0/pmd_rules_apex_design.html#excessiveparameterlist","Design","pmd"
"71","3","C:\Users\CVHS\SF_Projects\08081005\force-app\main\default\classes\BI_PSPB_SupportCenterCtrl.cls","84","19","ExcessiveParameterList","Avoid long parameter lists.","https://docs.pmd-code.org/pmd-doc-7.1.0/pmd_rules_apex_design.html#excessiveparameterlist","Design","pmd"
"72","3","C:\Users\CVHS\SF_Projects\08081005\force-app\main\default\classes\BI_PSPB_SymptomNotificationSched.cls","14","9","ApexDoc","Missing or mismatched ApexDoc @param","https://docs.pmd-code.org/pmd-doc-7.1.0/pmd_rules_apex_documentation.html#apexdoc","Documentation","pmd"
"73","3","C:\Users\CVHS\SF_Projects\08081005\force-app\main\default\classes\BI_PSPB_SymptomTrackerFetcher.cls","1","21","ApexDoc","Missing ApexDoc comment","https://docs.pmd-code.org/pmd-doc-7.1.0/pmd_rules_apex_documentation.html#apexdoc","Documentation","pmd"
"74","3","C:\Users\CVHS\SF_Projects\08081005\force-app\main\default\classes\BI_PSPB_TaskParameters.cls","24","9","ExcessiveParameterList","Avoid long parameter lists.","https://docs.pmd-code.org/pmd-doc-7.1.0/pmd_rules_apex_design.html#excessiveparameterlist","Design","pmd"
"75","3","C:\Users\CVHS\SF_Projects\08081005\force-app\main\default\classes\BI_PSPB_TaskQuestionStatusCompleted.cls","16","16","ApexDoc","Missing or mismatched ApexDoc @param","https://docs.pmd-code.org/pmd-doc-7.1.0/pmd_rules_apex_documentation.html#apexdoc","Documentation","pmd"
"76","3","C:\Users\CVHS\SF_Projects\08081005\force-app\main\default\classes\BI_PSPB_TreatmentConstantsClassCtrl.cls","7","8","ApexDoc","Missing ApexDoc @description","https://docs.pmd-code.org/pmd-doc-7.1.0/pmd_rules_apex_documentation.html#apexdoc","Documentation","pmd"
"77","3","C:\Users\CVHS\SF_Projects\08081005\force-app\main\default\classes\BI_PSPB_TreatmentConstantsClassCtrl.cls","7","8","TooManyFields","Too many fields","https://docs.pmd-code.org/pmd-doc-7.1.0/pmd_rules_apex_design.html#toomanyfields","Design","pmd"
"78","3","C:\Users\CVHS\SF_Projects\08081005\force-app\main\default\classes\BI_PSPB_TreatmentCtrl.cls","207","20","ExcessiveParameterList","Avoid long parameter lists.","https://docs.pmd-code.org/pmd-doc-7.1.0/pmd_rules_apex_design.html#excessiveparameterlist","Design","pmd"
"79","3","C:\Users\CVHS\SF_Projects\08081005\force-app\main\default\classes\BI_PSPB_TreatmentPastDueService.cls","118","17","ExcessiveParameterList","Avoid long parameter lists.","https://docs.pmd-code.org/pmd-doc-7.1.0/pmd_rules_apex_design.html#excessiveparameterlist","Design","pmd"
"80","3","C:\Users\CVHS\SF_Projects\08081005\force-app\main\default\classes\BI_PSP_AssessmentCtrl.cls","15","21","ApexDoc","Missing ApexDoc comment","https://docs.pmd-code.org/pmd-doc-7.1.0/pmd_rules_apex_documentation.html#apexdoc","Documentation","pmd"
"81","3","C:\Users\CVHS\SF_Projects\08081005\force-app\main\default\classes\BI_PSP_AssessmentCtrl.cls","44","19","ApexDoc","Missing ApexDoc @description","https://docs.pmd-code.org/pmd-doc-7.1.0/pmd_rules_apex_documentation.html#apexdoc","Documentation","pmd"
"82","3","C:\Users\CVHS\SF_Projects\08081005\force-app\main\default\classes\BI_PSP_AssessmentCtrl.cls","99","19","ApexDoc","Missing ApexDoc @description","https://docs.pmd-code.org/pmd-doc-7.1.0/pmd_rules_apex_documentation.html#apexdoc","Documentation","pmd"
"83","3","C:\Users\CVHS\SF_Projects\08081005\force-app\main\default\classes\BI_PSP_AssessmentCtrl.cls","137","15","ApexDoc","Missing ApexDoc @description","https://docs.pmd-code.org/pmd-doc-7.1.0/pmd_rules_apex_documentation.html#apexdoc","Documentation","pmd"
"84","3","C:\Users\CVHS\SF_Projects\08081005\force-app\main\default\classes\BI_PSP_AssessmentCtrl.cls","214","15","ApexDoc","Missing ApexDoc @description","https://docs.pmd-code.org/pmd-doc-7.1.0/pmd_rules_apex_documentation.html#apexdoc","Documentation","pmd"
"85","3","C:\Users\CVHS\SF_Projects\08081005\force-app\main\default\classes\BI_PSP_AssessmentCtrl.cls","301","19","ApexDoc","Missing ApexDoc @description","https://docs.pmd-code.org/pmd-doc-7.1.0/pmd_rules_apex_documentation.html#apexdoc","Documentation","pmd"
"86","3","C:\Users\CVHS\SF_Projects\08081005\force-app\main\default\classes\BI_PSP_AssessmentCtrlTest.cls","15","8","CyclomaticComplexity","The class 'BI_PSP_AssessmentCtrlTest' has a total cyclomatic complexity of 40 (highest 2).","https://docs.pmd-code.org/pmd-doc-7.1.0/pmd_rules_apex_design.html#cyclomaticcomplexity","Design","pmd"
"87","3","C:\Users\CVHS\SF_Projects\08081005\force-app\main\default\classes\BI_PSP_AssessmentCtrlTest.cls","15","8","TooManyFields","Too many fields","https://docs.pmd-code.org/pmd-doc-7.1.0/pmd_rules_apex_design.html#toomanyfields","Design","pmd"
"88","3","C:\Users\CVHS\SF_Projects\08081005\force-app\main\default\classes\BI_PSP_AssessmentHelperCtrl.cls","8","8","ApexDoc","Missing ApexDoc comment","https://docs.pmd-code.org/pmd-doc-7.1.0/pmd_rules_apex_documentation.html#apexdoc","Documentation","pmd"
"89","3","C:\Users\CVHS\SF_Projects\08081005\force-app\main\default\classes\BI_PSP_AssessmentHelperCtrl.cls","12","15","ApexDoc","Missing ApexDoc comment","https://docs.pmd-code.org/pmd-doc-7.1.0/pmd_rules_apex_documentation.html#apexdoc","Documentation","pmd"
"90","3","C:\Users\CVHS\SF_Projects\08081005\force-app\main\default\classes\BI_PSP_AssessmentHelperCtrl.cls","47","15","ExcessiveParameterList","Avoid long parameter lists.","https://docs.pmd-code.org/pmd-doc-7.1.0/pmd_rules_apex_design.html#excessiveparameterlist","Design","pmd"
"91","3","C:\Users\CVHS\SF_Projects\08081005\force-app\main\default\classes\BI_PSP_AssessmentHelperCtrl.cls","47","15","ApexDoc","Missing ApexDoc comment","https://docs.pmd-code.org/pmd-doc-7.1.0/pmd_rules_apex_documentation.html#apexdoc","Documentation","pmd"
"92","3","C:\Users\CVHS\SF_Projects\08081005\force-app\main\default\classes\BI_PSP_AssessmentHelperCtrl.cls","75","19","ExcessiveParameterList","Avoid long parameter lists.","https://docs.pmd-code.org/pmd-doc-7.1.0/pmd_rules_apex_design.html#excessiveparameterlist","Design","pmd"
"93","3","C:\Users\CVHS\SF_Projects\08081005\force-app\main\default\classes\BI_PSP_AssessmentHelperCtrl.cls","75","19","ApexDoc","Missing ApexDoc comment","https://docs.pmd-code.org/pmd-doc-7.1.0/pmd_rules_apex_documentation.html#apexdoc","Documentation","pmd"
"94","3","C:\Users\CVHS\SF_Projects\08081005\force-app\main\default\classes\BI_PSP_AssessmentHelperCtrl.cls","101","20","ExcessiveParameterList","Avoid long parameter lists.","https://docs.pmd-code.org/pmd-doc-7.1.0/pmd_rules_apex_design.html#excessiveparameterlist","Design","pmd"
"95","3","C:\Users\CVHS\SF_Projects\08081005\force-app\main\default\classes\BI_PSP_AssessmentHelperCtrl.cls","124","16","ApexDoc","Missing ApexDoc comment","https://docs.pmd-code.org/pmd-doc-7.1.0/pmd_rules_apex_documentation.html#apexdoc","Documentation","pmd"
"96","3","C:\Users\CVHS\SF_Projects\08081005\force-app\main\default\classes\BI_PSP_AssessmentHelperCtrl.cls","132","15","ApexDoc","Missing ApexDoc comment","https://docs.pmd-code.org/pmd-doc-7.1.0/pmd_rules_apex_documentation.html#apexdoc","Documentation","pmd"
"97","3","C:\Users\CVHS\SF_Projects\08081005\force-app\main\default\classes\BI_PSP_AssessmentHelperCtrl.cls","139","19","ApexDoc","Missing ApexDoc comment","https://docs.pmd-code.org/pmd-doc-7.1.0/pmd_rules_apex_documentation.html#apexdoc","Documentation","pmd"
"98","3","C:\Users\CVHS\SF_Projects\08081005\force-app\main\default\classes\BI_PSP_AssessmentHelperCtrl.cls","147","19","ExcessiveParameterList","Avoid long parameter lists.","https://docs.pmd-code.org/pmd-doc-7.1.0/pmd_rules_apex_design.html#excessiveparameterlist","Design","pmd"
"99","3","C:\Users\CVHS\SF_Projects\08081005\force-app\main\default\classes\BI_PSP_AssessmentHelperCtrl.cls","147","19","ApexDoc","Missing ApexDoc comment","https://docs.pmd-code.org/pmd-doc-7.1.0/pmd_rules_apex_documentation.html#apexdoc","Documentation","pmd"
"100","3","C:\Users\CVHS\SF_Projects\08081005\force-app\main\default\classes\BI_PSP_AssessmentHelperCtrl.cls","162","15","ExcessiveParameterList","Avoid long parameter lists.","https://docs.pmd-code.org/pmd-doc-7.1.0/pmd_rules_apex_design.html#excessiveparameterlist","Design","pmd"
"101","3","C:\Users\CVHS\SF_Projects\08081005\force-app\main\default\classes\BI_PSP_AssessmentHelperCtrl.cls","162","15","ApexDoc","Missing ApexDoc comment","https://docs.pmd-code.org/pmd-doc-7.1.0/pmd_rules_apex_documentation.html#apexdoc","Documentation","pmd"
"102","3","C:\Users\CVHS\SF_Projects\08081005\force-app\main\default\classes\BI_PSP_AssessmentManagementCtrl.cls","11","21","ApexDoc","Missing ApexDoc comment","https://docs.pmd-code.org/pmd-doc-7.1.0/pmd_rules_apex_documentation.html#apexdoc","Documentation","pmd"
"103","3","C:\Users\CVHS\SF_Projects\08081005\force-app\main\default\classes\BI_PSP_AssessmentManagementCtrl.cls","22","15","ExcessiveParameterList","Avoid long parameter lists.","https://docs.pmd-code.org/pmd-doc-7.1.0/pmd_rules_apex_design.html#excessiveparameterlist","Design","pmd"
"104","3","C:\Users\CVHS\SF_Projects\08081005\force-app\main\default\classes\BI_PSP_AssessmentManagementCtrl.cls","22","15","ApexDoc","Missing ApexDoc comment","https://docs.pmd-code.org/pmd-doc-7.1.0/pmd_rules_apex_documentation.html#apexdoc","Documentation","pmd"
"105","3","C:\Users\CVHS\SF_Projects\08081005\force-app\main\default\classes\BI_PSP_AssessmentManagementCtrl.cls","59","20","ExcessiveParameterList","Avoid long parameter lists.","https://docs.pmd-code.org/pmd-doc-7.1.0/pmd_rules_apex_design.html#excessiveparameterlist","Design","pmd"
"106","3","C:\Users\CVHS\SF_Projects\08081005\force-app\main\default\classes\BI_PSP_AssessmentManagementCtrl.cls","99","16","ExcessiveParameterList","Avoid long parameter lists.","https://docs.pmd-code.org/pmd-doc-7.1.0/pmd_rules_apex_design.html#excessiveparameterlist","Design","pmd"
"107","3","C:\Users\CVHS\SF_Projects\08081005\force-app\main\default\classes\BI_PSP_AssessmentManagementCtrl.cls","113","19","ExcessiveParameterList","Avoid long parameter lists.","https://docs.pmd-code.org/pmd-doc-7.1.0/pmd_rules_apex_design.html#excessiveparameterlist","Design","pmd"
"108","3","C:\Users\CVHS\SF_Projects\08081005\force-app\main\default\classes\BI_PSP_AssessmentManagementCtrl.cls","148","20","ExcessiveParameterList","Avoid long parameter lists.","https://docs.pmd-code.org/pmd-doc-7.1.0/pmd_rules_apex_design.html#excessiveparameterlist","Design","pmd"
"109","3","C:\Users\CVHS\SF_Projects\08081005\force-app\main\default\classes\BI_PSP_AssessmentQuestionsCtrl.cls","15","21","ApexDoc","Missing ApexDoc comment","https://docs.pmd-code.org/pmd-doc-7.1.0/pmd_rules_apex_documentation.html#apexdoc","Documentation","pmd"
"110","3","C:\Users\CVHS\SF_Projects\08081005\force-app\main\default\classes\BI_PSP_AssessmentQuestionsCtrl.cls","32","19","ApexDoc","Missing or mismatched ApexDoc @param","https://docs.pmd-code.org/pmd-doc-7.1.0/pmd_rules_apex_documentation.html#apexdoc","Documentation","pmd"
"111","3","C:\Users\CVHS\SF_Projects\08081005\force-app\main\default\classes\BI_PSP_CaregiverAndPatientCtrl.cls","11","21","ApexDoc","Missing ApexDoc comment","https://docs.pmd-code.org/pmd-doc-7.1.0/pmd_rules_apex_documentation.html#apexdoc","Documentation","pmd"
"112","3","C:\Users\CVHS\SF_Projects\08081005\force-app\main\default\classes\BI_PSP_ChallengeConstantCtrl.cls","1","21","ApexDoc","Missing ApexDoc comment","https://docs.pmd-code.org/pmd-doc-7.1.0/pmd_rules_apex_documentation.html#apexdoc","Documentation","pmd"
"113","3","C:\Users\CVHS\SF_Projects\08081005\force-app\main\default\classes\BI_PSP_ChallengeConstantCtrl.cls","1","21","TooManyFields","Too many fields","https://docs.pmd-code.org/pmd-doc-7.1.0/pmd_rules_apex_design.html#toomanyfields","Design","pmd"
"114","3","C:\Users\CVHS\SF_Projects\08081005\force-app\main\default\classes\BI_PSP_ChallengeCtrl.cls","290","18","ExcessiveParameterList","Avoid long parameter lists.","https://docs.pmd-code.org/pmd-doc-7.1.0/pmd_rules_apex_design.html#excessiveparameterlist","Design","pmd"
"115","3","C:\Users\CVHS\SF_Projects\08081005\force-app\main\default\classes\BI_PSP_ChallengeEnrolleCtrl.cls","70","16","ApexDoc","Missing or mismatched ApexDoc @param","https://docs.pmd-code.org/pmd-doc-7.1.0/pmd_rules_apex_documentation.html#apexdoc","Documentation","pmd"
"116","3","C:\Users\CVHS\SF_Projects\08081005\force-app\main\default\classes\BI_PSP_ChallengeValidateCtrl.cls","55","19","ExcessiveParameterList","Avoid long parameter lists.","https://docs.pmd-code.org/pmd-doc-7.1.0/pmd_rules_apex_design.html#excessiveparameterlist","Design","pmd"
"117","3","C:\Users\CVHS\SF_Projects\08081005\force-app\main\default\classes\BI_PSP_ChallengeValidateCtrl.cls","92","19","ExcessiveParameterList","Avoid long parameter lists.","https://docs.pmd-code.org/pmd-doc-7.1.0/pmd_rules_apex_design.html#excessiveparameterlist","Design","pmd"
"118","3","C:\Users\CVHS\SF_Projects\08081005\force-app\main\default\classes\BI_PSP_ChallengeValidateCtrl.cls","116","16","ExcessiveParameterList","Avoid long parameter lists.","https://docs.pmd-code.org/pmd-doc-7.1.0/pmd_rules_apex_design.html#excessiveparameterlist","Design","pmd"
"119","3","C:\Users\CVHS\SF_Projects\08081005\force-app\main\default\classes\BI_PSP_CommonQueryUtility.cls","10","19","ExcessiveParameterList","Avoid long parameter lists.","https://docs.pmd-code.org/pmd-doc-7.1.0/pmd_rules_apex_design.html#excessiveparameterlist","Design","pmd"
"120","3","C:\Users\CVHS\SF_Projects\08081005\force-app\main\default\classes\BI_PSP_CommonQueryUtility.cls","10","19","ApexDoc","Missing ApexDoc comment","https://docs.pmd-code.org/pmd-doc-7.1.0/pmd_rules_apex_documentation.html#apexdoc","Documentation","pmd"
"121","3","C:\Users\CVHS\SF_Projects\08081005\force-app\main\default\classes\BI_PSP_CommonQueryUtility.cls","25","31","ApexSOQLInjection","Avoid untrusted/unescaped variables in DML query","https://docs.pmd-code.org/pmd-doc-7.1.0/pmd_rules_apex_security.html#apexsoqlinjection","Security","pmd"
"122","3","C:\Users\CVHS\SF_Projects\08081005\force-app\main\default\classes\BI_PSP_CommonQueryUtility.cls","33","20","ApexDoc","Missing ApexDoc comment","https://docs.pmd-code.org/pmd-doc-7.1.0/pmd_rules_apex_documentation.html#apexdoc","Documentation","pmd"
"123","3","C:\Users\CVHS\SF_Projects\08081005\force-app\main\default\classes\BI_PSP_CommonQueryUtility.cls","43","20","ApexDoc","Missing ApexDoc comment","https://docs.pmd-code.org/pmd-doc-7.1.0/pmd_rules_apex_documentation.html#apexdoc","Documentation","pmd"
"124","3","C:\Users\CVHS\SF_Projects\08081005\force-app\main\default\classes\BI_PSP_CommonQueryUtility.cls","48","40","ApexSOQLInjection","Avoid untrusted/unescaped variables in DML query","https://docs.pmd-code.org/pmd-doc-7.1.0/pmd_rules_apex_security.html#apexsoqlinjection","Security","pmd"
"125","3","C:\Users\CVHS\SF_Projects\08081005\force-app\main\default\classes\BI_PSP_CommonQueryUtility.cls","50","13","AvoidDebugStatements","Avoid debug statements since they impact on performance","https://docs.pmd-code.org/pmd-doc-7.1.0/pmd_rules_apex_performance.html#avoiddebugstatements","Performance","pmd"
"126","3","C:\Users\CVHS\SF_Projects\08081005\force-app\main\default\classes\BI_PSP_CommonQueryUtility.cls","60","19","CyclomaticComplexity","The method 'retrieveRecordTypeId(String, String)' has a cyclomatic complexity of 10.","https://docs.pmd-code.org/pmd-doc-7.1.0/pmd_rules_apex_design.html#cyclomaticcomplexity","Design","pmd"
"127","3","C:\Users\CVHS\SF_Projects\08081005\force-app\main\default\classes\BI_PSP_CompletedQuestionnaireCtrl.cls","14","21","ApexDoc","Missing ApexDoc comment","https://docs.pmd-code.org/pmd-doc-7.1.0/pmd_rules_apex_documentation.html#apexdoc","Documentation","pmd"
"128","3","C:\Users\CVHS\SF_Projects\08081005\force-app\main\default\classes\BI_PSP_CompletedQuestionnaireCtrl.cls","30","19","ExcessiveParameterList","Avoid long parameter lists.","https://docs.pmd-code.org/pmd-doc-7.1.0/pmd_rules_apex_design.html#excessiveparameterlist","Design","pmd"
"129","3","C:\Users\CVHS\SF_Projects\08081005\force-app\main\default\classes\BI_PSP_CompletedQuestionnaireCtrl.cls","30","19","ApexDoc","Missing ApexDoc comment","https://docs.pmd-code.org/pmd-doc-7.1.0/pmd_rules_apex_documentation.html#apexdoc","Documentation","pmd"
"130","3","C:\Users\CVHS\SF_Projects\08081005\force-app\main\default\classes\BI_PSP_CompletedQuestionnaireCtrl.cls","51","19","ApexDoc","Missing ApexDoc comment","https://docs.pmd-code.org/pmd-doc-7.1.0/pmd_rules_apex_documentation.html#apexdoc","Documentation","pmd"
"131","3","C:\Users\CVHS\SF_Projects\08081005\force-app\main\default\classes\BI_PSP_CompletedQuestionnaireCtrl.cls","91","19","ApexDoc","Missing ApexDoc comment","https://docs.pmd-code.org/pmd-doc-7.1.0/pmd_rules_apex_documentation.html#apexdoc","Documentation","pmd"
"132","3","C:\Users\CVHS\SF_Projects\08081005\force-app\main\default\classes\BI_PSP_CompletedQuestionnaireCtrl.cls","149","15","ApexDoc","Missing ApexDoc comment","https://docs.pmd-code.org/pmd-doc-7.1.0/pmd_rules_apex_documentation.html#apexdoc","Documentation","pmd"
"133","3","C:\Users\CVHS\SF_Projects\08081005\force-app\main\default\classes\BI_PSP_CompletedQuestionnaireCtrl.cls","229","19","ApexDoc","Missing ApexDoc comment","https://docs.pmd-code.org/pmd-doc-7.1.0/pmd_rules_apex_documentation.html#apexdoc","Documentation","pmd"
"134","3","C:\Users\CVHS\SF_Projects\08081005\force-app\main\default\classes\BI_PSP_DraftResponseCtrl.cls","15","21","ApexDoc","Missing ApexDoc comment","https://docs.pmd-code.org/pmd-doc-7.1.0/pmd_rules_apex_documentation.html#apexdoc","Documentation","pmd"
"135","3","C:\Users\CVHS\SF_Projects\08081005\force-app\main\default\classes\BI_PSP_DraftResponseCtrl.cls","24","16","ExcessiveParameterList","Avoid long parameter lists.","https://docs.pmd-code.org/pmd-doc-7.1.0/pmd_rules_apex_design.html#excessiveparameterlist","Design","pmd"
"136","3","C:\Users\CVHS\SF_Projects\08081005\force-app\main\default\classes\BI_PSP_DraftResponseCtrl.cls","24","16","ApexDoc","Missing ApexDoc comment","https://docs.pmd-code.org/pmd-doc-7.1.0/pmd_rules_apex_documentation.html#apexdoc","Documentation","pmd"
"137","3","C:\Users\CVHS\SF_Projects\08081005\force-app\main\default\classes\BI_PSP_DraftResponseCtrl.cls","47","15","ApexDoc","Missing ApexDoc comment","https://docs.pmd-code.org/pmd-doc-7.1.0/pmd_rules_apex_documentation.html#apexdoc","Documentation","pmd"
"138","3","C:\Users\CVHS\SF_Projects\08081005\force-app\main\default\classes\BI_PSP_IndividualChallengesCtrl.cls","23","19","ApexDoc","Missing ApexDoc comment","https://docs.pmd-code.org/pmd-doc-7.1.0/pmd_rules_apex_documentation.html#apexdoc","Documentation","pmd"
"139","3","C:\Users\CVHS\SF_Projects\08081005\force-app\main\default\classes\BI_PSP_IndividualChallengesCtrl.cls","56","19","ApexDoc","Missing ApexDoc comment","https://docs.pmd-code.org/pmd-doc-7.1.0/pmd_rules_apex_documentation.html#apexdoc","Documentation","pmd"
"140","3","C:\Users\CVHS\SF_Projects\08081005\force-app\main\default\classes\BI_PSP_LetsPersonliseCtrl.cls","12","21","ApexDoc","Missing ApexDoc comment","https://docs.pmd-code.org/pmd-doc-7.1.0/pmd_rules_apex_documentation.html#apexdoc","Documentation","pmd"
"141","3","C:\Users\CVHS\SF_Projects\08081005\force-app\main\default\classes\BI_PSP_LetsPersonliseCtrl.cls","15","15","ApexDoc","Missing ApexDoc comment","https://docs.pmd-code.org/pmd-doc-7.1.0/pmd_rules_apex_documentation.html#apexdoc","Documentation","pmd"
"142","3","C:\Users\CVHS\SF_Projects\08081005\force-app\main\default\classes\BI_PSP_LogMessagesUtility.cls","20","19","ExcessiveParameterList","Avoid long parameter lists.","https://docs.pmd-code.org/pmd-doc-7.1.0/pmd_rules_apex_design.html#excessiveparameterlist","Design","pmd"
"143","3","C:\Users\CVHS\SF_Projects\08081005\force-app\main\default\classes\BI_PSP_LoginChallengeValidaterCtrl.cls","31","19","ExcessiveParameterList","Avoid long parameter lists.","https://docs.pmd-code.org/pmd-doc-7.1.0/pmd_rules_apex_design.html#excessiveparameterlist","Design","pmd"
"144","3","C:\Users\CVHS\SF_Projects\08081005\force-app\main\default\classes\BI_PSP_LoginChallengeValidaterCtrl.cls","57","15","ExcessiveParameterList","Avoid long parameter lists.","https://docs.pmd-code.org/pmd-doc-7.1.0/pmd_rules_apex_design.html#excessiveparameterlist","Design","pmd"
"145","3","C:\Users\CVHS\SF_Projects\08081005\force-app\main\default\classes\BI_PSP_QualitativeSatisfactionCtrl.cls","11","21","ApexDoc","Missing ApexDoc comment","https://docs.pmd-code.org/pmd-doc-7.1.0/pmd_rules_apex_documentation.html#apexdoc","Documentation","pmd"
"146","3","C:\Users\CVHS\SF_Projects\08081005\force-app\main\default\classes\BI_PSP_QualitativeSatisfactionCtrl.cls","27","15","ApexDoc","Missing ApexDoc comment","https://docs.pmd-code.org/pmd-doc-7.1.0/pmd_rules_apex_documentation.html#apexdoc","Documentation","pmd"
"147","3","C:\Users\CVHS\SF_Projects\08081005\force-app\main\default\classes\BI_PSP_QualitativeSatisfactionCtrl.cls","90","19","ApexDoc","Missing ApexDoc comment","https://docs.pmd-code.org/pmd-doc-7.1.0/pmd_rules_apex_documentation.html#apexdoc","Documentation","pmd"
"148","3","C:\Users\CVHS\SF_Projects\08081005\force-app\main\default\classes\BI_PSP_QualitativeSatisfactionCtrl.cls","134","19","ApexDoc","Missing ApexDoc comment","https://docs.pmd-code.org/pmd-doc-7.1.0/pmd_rules_apex_documentation.html#apexdoc","Documentation","pmd"
"149","3","C:\Users\CVHS\SF_Projects\08081005\force-app\main\default\classes\BI_PSP_QuestionnaireConstant.cls","1","26","ApexDoc","Missing ApexDoc comment","https://docs.pmd-code.org/pmd-doc-7.1.0/pmd_rules_apex_documentation.html#apexdoc","Documentation","pmd"
"150","3","C:\Users\CVHS\SF_Projects\08081005\force-app\main\default\classes\BI_PSP_QuestionnaireConstant.cls","1","26","TooManyFields","Too many fields","https://docs.pmd-code.org/pmd-doc-7.1.0/pmd_rules_apex_design.html#toomanyfields","Design","pmd"
"151","3","C:\Users\CVHS\SF_Projects\08081005\force-app\main\default\classes\BI_PSP_QuestionnaireGraphCtrl.cls","10","21","ApexDoc","Missing ApexDoc comment","https://docs.pmd-code.org/pmd-doc-7.1.0/pmd_rules_apex_documentation.html#apexdoc","Documentation","pmd"
"152","3","C:\Users\CVHS\SF_Projects\08081005\force-app\main\default\classes\BI_PSP_QuestionnaireGraphCtrl.cls","21","19","ApexDoc","Missing ApexDoc comment","https://docs.pmd-code.org/pmd-doc-7.1.0/pmd_rules_apex_documentation.html#apexdoc","Documentation","pmd"
"153","3","C:\Users\CVHS\SF_Projects\08081005\force-app\main\default\classes\BI_PSP_QuestionnaireGraphCtrl.cls","124","16","ApexDoc","Missing ApexDoc comment","https://docs.pmd-code.org/pmd-doc-7.1.0/pmd_rules_apex_documentation.html#apexdoc","Documentation","pmd"
"154","3","C:\Users\CVHS\SF_Projects\08081005\force-app\main\default\classes\BI_PSP_RandomChallengesCtrl.cls","104","20","ExcessiveParameterList","Avoid long parameter lists.","https://docs.pmd-code.org/pmd-doc-7.1.0/pmd_rules_apex_design.html#excessiveparameterlist","Design","pmd"
"155","3","C:\Users\CVHS\SF_Projects\08081005\force-app\main\default\classes\BI_PSP_SymptomTrackerAllergyCtrl.cls","42","16","ExcessiveParameterList","Avoid long parameter lists.","https://docs.pmd-code.org/pmd-doc-7.1.0/pmd_rules_apex_design.html#excessiveparameterlist","Design","pmd"
"156","3","C:\Users\CVHS\SF_Projects\08081005\force-app\main\default\classes\BI_PSP_SymptomTrackerConstantCtrl.cls","7","9","TooManyFields","Too many fields","https://docs.pmd-code.org/pmd-doc-7.1.0/pmd_rules_apex_design.html#toomanyfields","Design","pmd"
